139.png,5026
179.png,4258
181.png,2219
602.png,998
628.png,3175
671.png,7931
691.png,675
694.png,1885
764.png,3195
863.png,5514
940.png,1368
990.png,9084
1201.png,226
1622.png,7172
1679.png,3258
1688.png,3421
1693.png,2425
1796.png,5662
1812.png,4873
2128.png,8436
2166.png,2824
2301.png,1674
2311.png,5396
2316.png,5109
2404.png,419
2568.png,2502
2575.png,1264
2615.png,618
2698.png,2193
2940.png,3739
3086.png,902
3110.png,1799
3115.png,10143
3329.png,5783
3364.png,9663
3641.png,6043
3731.png,565
3734.png,2582
3737.png,6417
3812.png,1742
3824.png,4039
3859.png,8327
4229.png,3800
4367.png,5641
4420.png,1584
4673.png,7076
4875.png,7892
4888.png,866
5021.png,233
5052.png,3357
5137.png,6939
5150.png,3854
5195.png,2475
5232.png,6642
5387.png,8174
5586.png,1128
5746.png,652
5786.png,9797
5873.png,2448
5911.png,6926
6045.png,6593
6094.png,3708
6131.png,898
6184.png,5200
6230.png,6570
6421.png,7400
6959.png,4427
7071.png,3492
7077.png,6151
7111.png,7460
7279.png,724
7325.png,1088
7353.png,6415
7439.png,2092
7471.png,4582
7561.png,6588
7684.png,6864
7714.png,7464
7797.png,2340
7927.png,4497
7928.png,7971
7994.png,8178
8001.png,9579
8123.png,3907
8144.png,6535
8210.png,2463
8420.png,5811
8438.png,3531
8454.png,8509
8671.png,3314
8807.png,7873
8914.png,552
8938.png,8570
9275.png,1374
9279.png,2847
9414.png,1228
9502.png,2502
9628.png,9054
9663.png,45
9694.png,8858
9783.png,10130
10195.png,408
10368.png,6191
10590.png,5749
10724.png,4216
10867.png,8223
10894.png,3084
10967.png,2822
10968.png,8068
11039.png,1839
11187.png,3845
11297.png,6625
11301.png,6400
11341.png,10000
11552.png,8696
11602.png,4322
11662.png,6767
11716.png,5120
11729.png,4904
11735.png,3612
11953.png,5537
12016.png,4886
12265.png,5097
12315.png,3907
12404.png,10143
12507.png,5178
12600.png,4058
12606.png,4166
12659.png,5703
12706.png,958
12789.png,5716
12885.png,9156
12933.png,7060
13093.png,7143
13113.png,5792
13114.png,5714
13158.png,4246
13311.png,5897
13356.png,10149
13394.png,7044
13456.png,50
13687.png,6484
14073.png,3344
14129.png,9915
14135.png,8469
14214.png,6220
14269.png,5911
14414.png,5601
14528.png,57
14906.png,2072
14921.png,8534
14923.png,8224
15286.png,766
15343.png,7244
15375.png,504
15463.png,9074
15584.png,5998
15705.png,7965
15740.png,8393
15804.png,2918
15868.png,919
15908.png,9166
15975.png,414
16104.png,3364
16256.png,1076
16272.png,1929
16351.png,7225
16407.png,9701
16453.png,6902
16466.png,5895
16488.png,7458
16536.png,5998
16613.png,6379
16654.png,2242
16717.png,2999
16945.png,5384
16993.png,4264
17136.png,9825
17146.png,884
17453.png,31
17585.png,708
17661.png,6946
17679.png,1812
17788.png,5552
17799.png,7602
17941.png,7532
17945.png,103
18152.png,1714
18275.png,9809
18308.png,3354
18405.png,9000
18467.png,6834
18497.png,8641
18538.png,871
18645.png,5006
18664.png,8675
18785.png,834
18804.png,8754
18830.png,6592
18836.png,52
19015.png,3332
19052.png,8688
19127.png,5982
19170.png,2311
19172.png,7552
19178.png,8560
19195.png,4884
19210.png,5181
19291.png,4039
19320.png,10057
19434.png,5580
19461.png,1644
19506.png,3175
19594.png,5788
19856.png,8210
19902.png,3890
19939.png,1994
19990.png,7835
20103.png,6648
20293.png,2030
20400.png,867
20455.png,1011
20665.png,426
20787.png,9363
21003.png,359
21027.png,2143
21075.png,4597
21199.png,8702
21420.png,10156
21552.png,7466
21726.png,4972
21742.png,6171
21755.png,7133
21784.png,9315
21836.png,8513
22094.png,8022
22265.png,4327
22298.png,6435
22322.png,5357
22359.png,3422
22379.png,2661
22536.png,6888
22759.png,6922
22763.png,8375
22881.png,6662
22985.png,7122
23017.png,8727
23039.png,7272
23049.png,4811
23131.png,924
23272.png,4487
23511.png,4627
23774.png,1104
23901.png,3316
24009.png,1167
24024.png,563
24239.png,4054
24276.png,9091
24298.png,1112
24379.png,2218
24511.png,269
24599.png,8485
24769.png,9939
24807.png,1885
24808.png,94
24918.png,996
25002.png,1488
25281.png,5741
25369.png,3710
25762.png,5825
26121.png,2181
26170.png,3817
26504.png,1056
26554.png,4128
26807.png,2849
26842.png,8879
26897.png,843
27056.png,5472
27175.png,1550
27220.png,5701
27239.png,4723
27314.png,1283
27610.png,1585
27883.png,6761
27982.png,1676
28144.png,9390
28276.png,654
28311.png,7147
28514.png,3542
28616.png,3326
28798.png,2936
28915.png,5865
29079.png,1341
29443.png,2991
29594.png,812
29695.png,974
29735.png,6988
29855.png,390
29857.png,5602
29978.png,5131
