070_03.png,0
081_03.png,1
082_03.png,2
083_03.png,3
086_03.png,4
087_03.png,5
090_03.png,6
091_03.png,7
092_03.png,8
094_03.png,9
096_03.png,10
097_03.png,11
118_03.png,12
119_03.png,13
120_03.png,14
121_03.png,15
126_03.png,16
069_03.png,17
019_03.png,18
020_03.png,19
021_03.png,20
022_03.png,21
024_03.png,22
025_03.png,23
026_03.png,24
027_03.png,25
029_03.png,26
030_03.png,27
031_03.png,28
032_03.png,29
033_03.png,30
034_03.png,31
036_03.png,32
037_03.png,33
038_03.png,34
039_03.png,35
041_03.png,36
042_03.png,37
043_03.png,38
044_03.png,39
045_03.png,40
061_03.png,41
062_03.png,42
063_03.png,43
064_03.png,44
066_03.png,45
067_03.png,46
068_03.png,47
018_03.png,48
127_03.png,49
128_03.png,50
129_03.png,51
130_03.png,52
131_03.png,53
132_03.png,54
134_03.png,55
135_03.png,56
136_03.png,57
137_03.png,58
138_03.png,59
099_03.png,60
100_03.png,61
101_03.png,62
102_03.png,63
103_03.png,64
104_03.png,65
105_03.png,66
107_03.png,67
108_03.png,68
112_03.png,69
113_03.png,70
114_03.png,71
115_03.png,72
117_03.png,73
143_03.png,74
144_03.png,75
172_03.png,76
173_03.png,77
001_03.png,78
002_03.png,79
003_03.png,80
004_03.png,81
005_03.png,82
006_03.png,83
007_03.png,84
008_03.png,85
009_03.png,86
139_03.png,87
140_03.png,88
141_03.png,89
142_03.png,90
010_03.png,91
011_03.png,92
012_03.png,93
013_03.png,94
014_03.png,95
016_03.png,96
017_03.png,97
122_03.png,98
123_03.png,99
124_03.png,100
125_03.png,101
