00003_940307_fa_a.png,00003
00003_940307_fb_a.png,00003
00003_941121_fa.png,00003
00003_941121_fb.png,00003
00005_941121_fa.png,00005
00005_941121_fb.png,00005
00006_931230_fa.png,00006
00006_931230_fb.png,00006
00019_940128_fa.png,00019
00019_940128_fb.png,00019
00019_940307_fa.png,00019
00019_940307_fb.png,00019
00019_940422_fa.png,00019
00019_940422_fb.png,00019
00028_940928_fa.png,00028
00028_940928_fb.png,00028
00038_940128_fa.png,00038
00038_940128_fb.png,00038
00052_931230_fb.png,00052
00053_931230_fb.png,00053
00057_931230_fa.png,00057
00057_931230_fb.png,00057
00059_931230_fa.png,00059
00059_931230_fb.png,00059
00065_931230_fa.png,00065
00065_931230_fb.png,00065
00066_931230_fa_a.png,00066
00066_931230_fb_a.png,00066
00068_931230_fa.png,00068
00068_931230_fb.png,00068
00069_931230_fa.png,00069
00069_931230_fb.png,00069
00070_940307_fa.png,00070
00070_940307_fb.png,00070
00070_940928_fa.png,00070
00070_940928_fb.png,00070
00070_941121_fa.png,00070
00070_941121_fb.png,00070
00072_931230_fa.png,00072
00072_931230_fb.png,00072
00075_931230_fa.png,00075
00075_931230_fb.png,00075
00076_931230_fa.png,00076
00078_931230_fa_a.png,00078
00078_931230_fb_a.png,00078
00079_931230_fa_a.png,00079
00080_931230_fa.png,00080
00080_931230_fb.png,00080
00082_931230_fa.png,00082
00082_931230_fb.png,00082
00084_931230_fa.png,00084
00084_931230_fb.png,00084
00086_931230_fa.png,00086
00086_931230_fb.png,00086
00086_940422_fa.png,00086
00086_940422_fb.png,00086
00087_931230_fa_a.png,00087
00087_931230_fb_a.png,00087
00093_931230_fa.png,00093
00093_931230_fb.png,00093
00093_940128_fa.png,00093
00093_940128_fb.png,00093
00098_931230_fa.png,00098
00098_931230_fb.png,00098
00101_931230_fa.png,00101
00101_931230_fb.png,00101
00102_931230_fa.png,00102
00102_931230_fb.png,00102
00103_931230_fa_a.png,00103
00103_931230_fb_a.png,00103
00107_931230_fa.png,00107
00107_931230_fb.png,00107
00107_941031_fa.png,00107
00107_941031_fb.png,00107
00107_941121_fa.png,00107
00107_941121_fb.png,00107
00108_931230_fa.png,00108
00108_931230_fb.png,00108
00108_940128_fa.png,00108
00108_940128_fb.png,00108
00108_941031_fa.png,00108
00108_941031_fb.png,00108
00111_931230_fa.png,00111
00111_931230_fb.png,00111
00112_931230_fa.png,00112
00112_931230_fb.png,00112
00118_931230_fa_a.png,00118
00118_931230_fb_a.png,00118
00123_931230_fa.png,00123
00123_931230_fb.png,00123
00126_931230_fa.png,00126
00126_931230_fb.png,00126
00127_931230_fa.png,00127
00127_931230_fb.png,00127
00136_931230_fa.png,00136
00136_931230_fb.png,00136
00137_931230_fa_a.png,00137
00137_931230_fb_a.png,00137
00138_931230_fa.png,00138
00138_931230_fb.png,00138
00139_931230_fa.png,00139
00139_931230_fb.png,00139
00140_931230_fa.png,00140
00140_931230_fb.png,00140
00140_941121_fa.png,00140
00140_941121_fb.png,00140
00142_931230_fa.png,00142
00142_931230_fb.png,00142
00143_931230_fa_a.png,00143
00143_931230_fb_a.png,00143
00145_931230_fb.png,00145
00146_931230_fa_a.png,00146
00146_931230_fb_a.png,00146
00146_941121_fa.png,00146
00146_941121_fb.png,00146
00146_941201_fa.png,00146
00146_941201_fb.png,00146
00146_941205_fa.png,00146
00146_960530_fa.png,00146
00146_960530_fb.png,00146
00146_960620_fa.png,00146
00146_960620_fb.png,00146
00146_960627_fa.png,00146
00146_960627_fb.png,00146
00147_931230_fa.png,00147
00147_931230_fb.png,00147
00148_931230_fa.png,00148
00148_931230_fb.png,00148
00149_931230_fa.png,00149
00149_931230_fb.png,00149
00151_931230_fa_a.png,00151
00151_931230_fb_a.png,00151
00154_931230_fa.png,00154
00154_931230_fb.png,00154
00154_940128_fa.png,00154
00154_940128_fb.png,00154
00155_940128_fa.png,00155
00155_940128_fb.png,00155
00157_931230_fa_a.png,00157
00157_931230_fb_a.png,00157
00157_940128_fa_a.png,00157
00157_940128_fb_a.png,00157
00157_940928_fa.png,00157
00157_940928_fb.png,00157
00158_931230_fa.png,00158
00158_931230_fb.png,00158
00162_931230_fa.png,00162
00162_931230_fb.png,00162
00162_940128_fa.png,00162
00162_940128_fb.png,00162
00172_931230_fa.png,00172
00172_931230_fb.png,00172
00173_931230_fa_a.png,00173
00173_931230_fb_a.png,00173
00175_931230_fa_a.png,00175
00175_931230_fb_a.png,00175
00177_931230_fa_a.png,00177
00177_931230_fb_a.png,00177
00182_931230_fb.png,00182
00344_940422_fa.png,00344
00344_940422_fb.png,00344
00346_940422_fa.png,00346
00346_940422_fb.png,00346
00347_940422_fa.png,00347
00347_940422_fb.png,00347
00348_940422_fa.png,00348
00348_940422_fb.png,00348
00349_940422_fa.png,00349
00349_940422_fb.png,00349
00350_940422_fa.png,00350
00350_940422_fb.png,00350
00351_940422_fa.png,00351
00351_940422_fb.png,00351
00352_940422_fa.png,00352
00352_940422_fb.png,00352
00353_940422_fa.png,00353
00353_940422_fb.png,00353
00354_940422_fa.png,00354
00354_940422_fb.png,00354
00355_940422_fa.png,00355
00355_940422_fb.png,00355
